what,kind,bundleId,bundleVersion,description,time
executed,command,org.eclipse.ui,3.6.2.M20110203-1100,"org.eclipse.ui.edit.copy",1372417693312
executed,command,org.eclipse.ui,3.6.2.M20110203-1100,"org.eclipse.ui.edit.copy",1372417696153
executed,command,org.eclipse.ui,3.6.2.M20110203-1100,"org.eclipse.ui.edit.copy",1372417699053
executed,command,org.eclipse.ui,3.6.2.M20110203-1100,"org.eclipse.ui.edit.copy",1372417699242
executed,command,org.eclipse.ui,3.6.2.M20110203-1100,"org.eclipse.ui.edit.copy",1372417699466
executed,command,org.eclipse.ui,3.6.2.M20110203-1100,"org.eclipse.ui.edit.copy",1372417699642
executed,command,org.eclipse.ui,3.6.2.M20110203-1100,"org.eclipse.ui.edit.copy",1372417699826
executed,command,org.eclipse.ui,3.6.2.M20110203-1100,"org.eclipse.ui.edit.copy",1372417700002
executed,command,org.eclipse.ui,3.6.2.M20110203-1100,"org.eclipse.ui.edit.copy",1372417700194
executed,command,org.eclipse.ui,3.6.2.M20110203-1100,"org.eclipse.ui.edit.copy",1372417700370
executed,command,org.eclipse.ui,3.6.2.M20110203-1100,"org.eclipse.ui.edit.copy",1372417700521
executed,command,org.eclipse.ui,3.6.2.M20110203-1100,"org.eclipse.ui.edit.copy",1372417700699
executed,command,org.eclipse.ui,3.6.2.M20110203-1100,"org.eclipse.ui.edit.copy",1372417700882
executed,command,org.eclipse.ui,3.6.2.M20110203-1100,"org.eclipse.ui.edit.copy",1372417701066
activated,perspective,org.eclipse.php.ui,2.2.1.v20101001-2300,"org.eclipse.php.perspective",1372417704008
activated,view,org.eclipse.php.ui,2.2.1.v20101001-2300,"org.eclipse.php.ui.explorer",1372417706465
activated,editor,org.eclipse.php.ui,2.2.1.v20101001-2300,"org.eclipse.php.editor",1372417706593
executed,command,org.eclipse.ui,3.6.2.M20110203-1100,"org.eclipse.ui.edit.paste",1372417715771
executed,command,org.eclipse.ui.workbench.texteditor,3.6.1.r361_v20100714-0800,"org.eclipse.ui.edit.text.goto.lineEnd",1372417726349
executed,command,org.eclipse.ui,3.6.2.M20110203-1100,"org.eclipse.ui.edit.cut",1372417731585
executed,command,org.eclipse.ui,3.6.2.M20110203-1100,"org.eclipse.ui.edit.paste",1372417734370
executed,command,org.eclipse.ui,3.6.2.M20110203-1100,"org.eclipse.ui.file.save",1372417738536
executed,command,org.eclipse.ui.workbench.texteditor,3.6.1.r361_v20100714-0800,"org.eclipse.ui.edit.text.goto.lineEnd",1372417743094
executed,command,org.eclipse.ui,3.6.2.M20110203-1100,"org.eclipse.ui.file.save",1372417760388
executed,command,org.eclipse.debug.ui,3.6.3.v20101201_r362,"org.eclipse.debug.ui.commands.DebugLast",1372417762155
activated,editor,org.eclipse.ui.browser,3.3.1.r36_20101216,"org.eclipse.ui.browser.editor",1372417762308
activated,perspective,org.eclipse.php.debug.ui,2.2.0.v20101001-2300,"org.eclipse.php.debug.ui.PHPDebugPerspective",1372417762441
activated,editor,org.eclipse.php.ui,2.2.1.v20101001-2300,"org.eclipse.php.editor",1372417762594
executed,command,org.eclipse.debug.ui,3.6.3.v20101201_r362,"org.eclipse.debug.ui.commands.StepOver",1372417767708
executed,command,org.eclipse.debug.ui,3.6.3.v20101201_r362,"org.eclipse.debug.ui.commands.StepOver",1372417768212
executed,command,org.eclipse.debug.ui,3.6.3.v20101201_r362,"org.eclipse.debug.ui.commands.StepOver",1372417768869
activated,view,org.eclipse.debug.ui,3.6.3.v20101201_r362,"org.eclipse.debug.ui.VariableView",1372417770530
activated,editor,org.eclipse.php.ui,2.2.1.v20101001-2300,"org.eclipse.php.editor",1372417777933
executed,command,org.eclipse.debug.ui,3.6.3.v20101201_r362,"org.eclipse.debug.ui.commands.StepOver",1372417779493
executed,command,org.eclipse.debug.ui,3.6.3.v20101201_r362,"org.eclipse.debug.ui.commands.StepOver",1372417781009
activated,view,org.eclipse.php.debug.ui,2.2.0.v20101001-2300,"org.eclipse.debug.ui.PHPDebugOutput",1372417790501
executed,command,org.eclipse.ui,3.6.2.M20110203-1100,"org.eclipse.ui.edit.copy",1372417793827
executed,command,org.eclipse.ui,3.6.2.M20110203-1100,"org.eclipse.ui.edit.copy",1372417797556
activated,view,org.eclipse.debug.ui,3.6.3.v20101201_r362,"org.eclipse.debug.ui.DebugView",1372417799347
executed,command,org.eclipse.debug.ui,3.6.3.v20101201_r362,"org.eclipse.debug.ui.commands.Resume",1372417799440
activated,editor,org.eclipse.php.ui,2.2.1.v20101001-2300,"org.eclipse.php.editor",1372417800171
activated,perspective,org.eclipse.php.ui,2.2.1.v20101001-2300,"org.eclipse.php.perspective",1372417801536
executed,command,org.eclipse.ui,3.6.2.M20110203-1100,"org.eclipse.ui.edit.copy",1372417830431
started,bundle,org.tigris.subversion.clientadapter.javahl,1.6.17,"org.tigris.subversion.clientadapter.javahl",1372417830467
started,bundle,org.tigris.subversion.clientadapter.svnkit,1.6.15,"org.tigris.subversion.clientadapter.svnkit",1372417830469
started,bundle,org.tmatesoft.svnkit,1.3.5.7406,"org.tmatesoft.svnkit",1372417830571
started,bundle,com.sun.jna,3.2.7,"com.sun.jna",1372417830666
executed,command,org.eclipse.ui,3.6.2.M20110203-1100,"org.eclipse.ui.edit.copy",1372417831152
executed,command,org.eclipse.ui,3.6.2.M20110203-1100,"org.eclipse.ui.edit.copy",1372417831153
executed,command,org.eclipse.ui,3.6.2.M20110203-1100,"org.eclipse.ui.edit.paste",1372417831209
executed,command,org.eclipse.ui,3.6.2.M20110203-1100,"org.eclipse.ui.file.save",1372417862990
executed,command,org.eclipse.ui,3.6.2.M20110203-1100,"org.eclipse.ui.edit.copy",1372417866784
executed,command,org.eclipse.ui,3.6.2.M20110203-1100,"org.eclipse.ui.edit.copy",1372417866967
executed,command,org.eclipse.ui,3.6.2.M20110203-1100,"org.eclipse.ui.edit.copy",1372417867105
executed,command,org.eclipse.ui,3.6.2.M20110203-1100,"org.eclipse.ui.edit.paste",1372417868140
executed,command,org.eclipse.ui,3.6.2.M20110203-1100,"org.eclipse.ui.file.save",1372417868714
executed,command,org.eclipse.ui,3.6.2.M20110203-1100,"org.eclipse.ui.edit.copy",1372417869818
executed,command,org.eclipse.ui,3.6.2.M20110203-1100,"org.eclipse.ui.edit.copy",1372417869953
executed,command,org.eclipse.ui,3.6.2.M20110203-1100,"org.eclipse.ui.edit.copy",1372417870193
executed,command,org.eclipse.ui,3.6.2.M20110203-1100,"org.eclipse.ui.edit.copy",1372417870339
activated,view,org.eclipse.php.ui,2.2.1.v20101001-2300,"org.eclipse.php.ui.explorer",1372417871085
activated,editor,org.eclipse.php.ui,2.2.1.v20101001-2300,"org.eclipse.php.editor",1372417871289
activated,view,org.eclipse.php.ui,2.2.1.v20101001-2300,"org.eclipse.php.ui.explorer",1372417872792
activated,editor,org.eclipse.php.ui,2.2.1.v20101001-2300,"org.eclipse.php.editor",1372417872942
activated,view,org.eclipse.php.ui,2.2.1.v20101001-2300,"org.eclipse.php.ui.explorer",1372417873554
activated,editor,org.eclipse.php.ui,2.2.1.v20101001-2300,"org.eclipse.php.editor",1372417873703
executed,command,org.eclipse.ui,3.6.2.M20110203-1100,"org.eclipse.ui.edit.copy",1372417876607
executed,command,org.eclipse.ui,3.6.2.M20110203-1100,"org.eclipse.ui.edit.paste",1372417876991
executed,command,org.eclipse.ui,3.6.2.M20110203-1100,"org.eclipse.ui.edit.copy",1372417877919
executed,command,org.eclipse.ui,3.6.2.M20110203-1100,"org.eclipse.ui.edit.paste",1372417878102
executed,command,org.eclipse.ui,3.6.2.M20110203-1100,"org.eclipse.ui.file.save",1372417879297
activated,view,org.eclipse.php.ui,2.2.1.v20101001-2300,"org.eclipse.php.ui.explorer",1372417881852
activated,editor,org.eclipse.php.ui,2.2.1.v20101001-2300,"org.eclipse.php.editor",1372417882001
deactivated,workbench,org.eclipse.ui.workbench,3.6.2.M20110210-1200,"",1372417884665
activated,workbench,org.eclipse.ui.workbench,3.6.2.M20110210-1200,"",1372417885874
deactivated,workbench,org.eclipse.ui.workbench,3.6.2.M20110210-1200,"",1372417885901
activated,workbench,org.eclipse.ui.workbench,3.6.2.M20110210-1200,"",1372417886833
executed,command,org.eclipse.debug.ui,3.6.3.v20101201_r362,"org.eclipse.debug.ui.commands.DebugLast",1372417886848
activated,editor,org.eclipse.ui.browser,3.3.1.r36_20101216,"org.eclipse.ui.browser.editor",1372417886988
activated,perspective,org.eclipse.php.debug.ui,2.2.0.v20101001-2300,"org.eclipse.php.debug.ui.PHPDebugPerspective",1372417887118
activated,editor,org.eclipse.php.ui,2.2.1.v20101001-2300,"org.eclipse.php.editor",1372417887283
activated,view,org.eclipse.debug.ui,3.6.3.v20101201_r362,"org.eclipse.debug.ui.VariableView",1372417892121
activated,editor,org.eclipse.php.ui,2.2.1.v20101001-2300,"org.eclipse.php.editor",1372417894188
executed,command,org.eclipse.debug.ui,3.6.3.v20101201_r362,"org.eclipse.debug.ui.commands.StepOver",1372417894737
executed,command,org.eclipse.debug.ui,3.6.3.v20101201_r362,"org.eclipse.debug.ui.commands.StepOver",1372417896554
executed,command,org.eclipse.debug.ui,3.6.3.v20101201_r362,"org.eclipse.debug.ui.commands.StepOver",1372417897042
executed,command,org.eclipse.debug.ui,3.6.3.v20101201_r362,"org.eclipse.debug.ui.commands.StepOver",1372417897458
executed,command,org.eclipse.debug.ui,3.6.3.v20101201_r362,"org.eclipse.debug.ui.commands.StepOver",1372417898138
executed,command,org.eclipse.debug.ui,3.6.3.v20101201_r362,"org.eclipse.debug.ui.commands.StepOver",1372417898514
activated,view,org.eclipse.debug.ui,3.6.3.v20101201_r362,"org.eclipse.debug.ui.DebugView",1372417900178
executed,command,org.eclipse.debug.ui,3.6.3.v20101201_r362,"org.eclipse.debug.ui.commands.Resume",1372417900232
activated,editor,org.eclipse.php.ui,2.2.1.v20101001-2300,"org.eclipse.php.editor",1372417900695
activated,perspective,org.eclipse.php.ui,2.2.1.v20101001-2300,"org.eclipse.php.perspective",1372417901952
activated,view,org.eclipse.php.ui,2.2.1.v20101001-2300,"org.eclipse.php.ui.explorer",1372417903072
deactivated,workbench,org.eclipse.ui.workbench,3.6.2.M20110210-1200,"",1372417905362
activated,workbench,org.eclipse.ui.workbench,3.6.2.M20110210-1200,"",1372417926164
executed,command,org.eclipse.ui,3.6.2.M20110203-1100,"org.eclipse.ui.edit.copy",1372417929916
deactivated,workbench,org.eclipse.ui.workbench,3.6.2.M20110210-1200,"",1372417930336
activated,workbench,org.eclipse.ui.workbench,3.6.2.M20110210-1200,"",1372417944112
deactivated,workbench,org.eclipse.ui.workbench,3.6.2.M20110210-1200,"",1372417944133
started,bundle,org.eclipse.jdt.launching,3.5.200.v20110105_r362,"org.eclipse.jdt.launching",1372417944284
activated,workbench,org.eclipse.ui.workbench,3.6.2.M20110210-1200,"",1372417944441
executed,command,org.eclipse.ui,3.6.2.M20110203-1100,"org.eclipse.ui.edit.paste",1372417944446
executed,command,org.eclipse.ui.ide,3.6.2.M20101201-0800,"org.eclipse.ui.project.closeProject",1372417946576
closed,editor,org.eclipse.php.ui,2.2.1.v20101001-2300,"org.eclipse.php.editor",1372417946662
closed,editor,org.eclipse.php.ui,2.2.1.v20101001-2300,"org.eclipse.php.editor",1372417946713
activated,editor,org.eclipse.ui.browser,3.3.1.r36_20101216,"org.eclipse.ui.browser.editor",1372417950289
activated,view,org.eclipse.php.ui,2.2.1.v20101001-2300,"org.eclipse.php.ui.explorer",1372417950392
closed,editor,org.eclipse.ui.browser,3.3.1.r36_20101216,"org.eclipse.ui.browser.editor",1372417950392
deactivated,workbench,org.eclipse.ui.workbench,3.6.2.M20110210-1200,"",1372417956631
activated,workbench,org.eclipse.ui.workbench,3.6.2.M20110210-1200,"",1372417958853
executed,command,org.eclipse.ui,3.6.2.M20110203-1100,"org.eclipse.ui.edit.delete",1372417958861
deactivated,workbench,org.eclipse.ui.workbench,3.6.2.M20110210-1200,"",1372417959752
activated,workbench,org.eclipse.ui.workbench,3.6.2.M20110210-1200,"",1372417963423
executed,command,org.eclipse.ui,3.6.2.M20110203-1100,"org.eclipse.ui.edit.rename",1372417963432
executed,command,org.eclipse.ui,3.6.2.M20110203-1100,"org.eclipse.ui.edit.undo",1372417964174
deactivated,workbench,org.eclipse.ui.workbench,3.6.2.M20110210-1200,"",1372417965193
activated,workbench,org.eclipse.ui.workbench,3.6.2.M20110210-1200,"",1372417974054
executed,command,org.eclipse.ui,3.6.2.M20110203-1100,"org.eclipse.ui.edit.rename",1372417974061
opened,editor,org.eclipse.php.ui,2.2.1.v20101001-2300,"org.eclipse.php.editor",1372417975490
activated,editor,org.eclipse.php.ui,2.2.1.v20101001-2300,"org.eclipse.php.editor",1372417975522
executed,command,org.eclipse.ui,3.6.2.M20110203-1100,"org.eclipse.ui.edit.copy",1372417980448
executed,command,org.eclipse.ui,3.6.2.M20110203-1100,"org.eclipse.ui.edit.copy",1372417982832
deactivated,workbench,org.eclipse.ui.workbench,3.6.2.M20110210-1200,"",1372417984475
activated,workbench,org.eclipse.ui.workbench,3.6.2.M20110210-1200,"",1372417987462
executed,command,org.eclipse.ui,3.6.2.M20110203-1100,"org.eclipse.ui.edit.copy",1372417988686
executed,command,org.eclipse.ui,3.6.2.M20110203-1100,"org.eclipse.ui.edit.paste",1372417988853
executed,command,org.eclipse.ui,3.6.2.M20110203-1100,"org.eclipse.ui.edit.copy",1372417996887
executed,command,org.eclipse.ui,3.6.2.M20110203-1100,"org.eclipse.ui.edit.copy",1372418008436
executed,command,org.eclipse.ui,3.6.2.M20110203-1100,"org.eclipse.ui.edit.copy",1372418008704
executed,command,org.eclipse.ui,3.6.2.M20110203-1100,"org.eclipse.ui.edit.copy",1372418008847
executed,command,org.eclipse.ui,3.6.2.M20110203-1100,"org.eclipse.ui.edit.copy",1372418009434
executed,command,org.eclipse.ui,3.6.2.M20110203-1100,"org.eclipse.ui.edit.paste",1372418010549
executed,command,org.eclipse.ui,3.6.2.M20110203-1100,"org.eclipse.ui.edit.text.contentAssist.proposals",1372418017137
executed,command,org.eclipse.ui,3.6.2.M20110203-1100,"org.eclipse.ui.edit.text.contentAssist.proposals",1372418017643
executed,command,org.eclipse.ui,3.6.2.M20110203-1100,"org.eclipse.ui.edit.text.contentAssist.proposals",1372418020622
executed,command,org.eclipse.ui,3.6.2.M20110203-1100,"org.eclipse.ui.file.save",1372418028216
deactivated,workbench,org.eclipse.ui.workbench,3.6.2.M20110210-1200,"",1372418036934
activated,workbench,org.eclipse.ui.workbench,3.6.2.M20110210-1200,"",1372418086963
opened,view,org.eclipse.ui.ide,3.6.2.M20101201-0800,"org.eclipse.ui.views.ProblemView",1372418089518
activated,view,org.eclipse.php.ui,2.2.1.v20101001-2300,"org.eclipse.php.ui.explorer",1372418089596
activated,editor,org.eclipse.php.ui,2.2.1.v20101001-2300,"org.eclipse.php.editor",1372418090727
activated,view,org.eclipse.php.ui,2.2.1.v20101001-2300,"org.eclipse.php.ui.explorer",1372418092200
activated,editor,org.eclipse.php.ui,2.2.1.v20101001-2300,"org.eclipse.php.editor",1372418093358
deactivated,workbench,org.eclipse.ui.workbench,3.6.2.M20110210-1200,"",1372418095532
activated,workbench,org.eclipse.ui.workbench,3.6.2.M20110210-1200,"",1372418097522
deactivated,workbench,org.eclipse.ui.workbench,3.6.2.M20110210-1200,"",1372418097551
activated,workbench,org.eclipse.ui.workbench,3.6.2.M20110210-1200,"",1372418098369
executed,command,org.eclipse.debug.ui,3.6.3.v20101201_r362,"org.eclipse.debug.ui.commands.DebugLast",1372418098385
activated,view,org.eclipse.php.debug.ui,2.2.0.v20101001-2300,"org.eclipse.debug.ui.PHPDebugOutput",1372418098445
opened,editor,org.eclipse.ui.browser,3.3.1.r36_20101216,"org.eclipse.ui.browser.editor",1372418098693
activated,editor,org.eclipse.ui.browser,3.3.1.r36_20101216,"org.eclipse.ui.browser.editor",1372418098734
activated,perspective,org.eclipse.php.debug.ui,2.2.0.v20101001-2300,"org.eclipse.php.debug.ui.PHPDebugPerspective",1372418099950
activated,editor,org.eclipse.php.ui,2.2.1.v20101001-2300,"org.eclipse.php.editor",1372418100141
activated,view,org.eclipse.debug.ui,3.6.3.v20101201_r362,"org.eclipse.debug.ui.DebugView",1372418110460
executed,command,org.eclipse.debug.ui,3.6.3.v20101201_r362,"org.eclipse.debug.ui.commands.Resume",1372418110534
activated,perspective,org.eclipse.php.ui,2.2.1.v20101001-2300,"org.eclipse.php.perspective",1372418111899
activated,editor,org.eclipse.php.ui,2.2.1.v20101001-2300,"org.eclipse.php.editor",1372418111917
activated,view,org.eclipse.php.ui,2.2.1.v20101001-2300,"org.eclipse.php.ui.explorer",1372418113793
executed,command,org.eclipse.ui,3.6.2.M20110203-1100,"org.eclipse.ui.edit.copy",1372418118908
deactivated,workbench,org.eclipse.ui.workbench,3.6.2.M20110210-1200,"",1372418119248
activated,workbench,org.eclipse.ui.workbench,3.6.2.M20110210-1200,"",1372418121162
deactivated,workbench,org.eclipse.ui.workbench,3.6.2.M20110210-1200,"",1372418121829
activated,workbench,org.eclipse.ui.workbench,3.6.2.M20110210-1200,"",1372418121875
executed,command,org.eclipse.ui,3.6.2.M20110203-1100,"org.eclipse.ui.edit.paste",1372418121878
deactivated,workbench,org.eclipse.ui.workbench,3.6.2.M20110210-1200,"",1372418126354
executed,command,org.eclipse.ui,3.6.2.M20110203-1100,"org.eclipse.ui.edit.copy",1372418128323
activated,workbench,org.eclipse.ui.workbench,3.6.2.M20110210-1200,"",1372418130512
executed,command,org.eclipse.ui,3.6.2.M20110203-1100,"org.eclipse.ui.edit.rename",1372418130518
deactivated,workbench,org.eclipse.ui.workbench,3.6.2.M20110210-1200,"",1372418131681
activated,workbench,org.eclipse.ui.workbench,3.6.2.M20110210-1200,"",1372418180897
deactivated,workbench,org.eclipse.ui.workbench,3.6.2.M20110210-1200,"",1372418182243
activated,workbench,org.eclipse.ui.workbench,3.6.2.M20110210-1200,"",1372418190815
activated,editor,org.eclipse.php.ui,2.2.1.v20101001-2300,"org.eclipse.php.editor",1372418190861
activated,view,org.eclipse.php.ui,2.2.1.v20101001-2300,"org.eclipse.php.ui.explorer",1372418191990
deactivated,workbench,org.eclipse.ui.workbench,3.6.2.M20110210-1200,"",1372418198540
activated,workbench,org.eclipse.ui.workbench,3.6.2.M20110210-1200,"",1372418203436
executed,command,org.eclipse.ui,3.6.2.M20110203-1100,"org.eclipse.ui.edit.rename",1372418203443
deactivated,workbench,org.eclipse.ui.workbench,3.6.2.M20110210-1200,"",1372418204979
activated,workbench,org.eclipse.ui.workbench,3.6.2.M20110210-1200,"",1372418208488
executed,command,org.eclipse.ui,3.6.2.M20110203-1100,"org.eclipse.ui.edit.rename",1372418208505
opened,editor,org.eclipse.php.ui,2.2.1.v20101001-2300,"org.eclipse.php.editor",1372418210760
activated,editor,org.eclipse.php.ui,2.2.1.v20101001-2300,"org.eclipse.php.editor",1372418210810
activated,view,org.eclipse.php.ui,2.2.1.v20101001-2300,"org.eclipse.php.ui.explorer",1372418211489
activated,editor,org.eclipse.php.ui,2.2.1.v20101001-2300,"org.eclipse.php.editor",1372418211623
deactivated,workbench,org.eclipse.ui.workbench,3.6.2.M20110210-1200,"",1372418212284
activated,workbench,org.eclipse.ui.workbench,3.6.2.M20110210-1200,"",1372418232154
activated,view,org.eclipse.php.ui,2.2.1.v20101001-2300,"org.eclipse.php.ui.explorer",1372418234792
activated,editor,org.eclipse.php.ui,2.2.1.v20101001-2300,"org.eclipse.php.editor",1372418234951
activated,view,org.eclipse.php.ui,2.2.1.v20101001-2300,"org.eclipse.php.ui.explorer",1372418235448
activated,editor,org.eclipse.php.ui,2.2.1.v20101001-2300,"org.eclipse.php.editor",1372418235615
deactivated,workbench,org.eclipse.ui.workbench,3.6.2.M20110210-1200,"",1372418237038
activated,workbench,org.eclipse.ui.workbench,3.6.2.M20110210-1200,"",1372418239456
deactivated,workbench,org.eclipse.ui.workbench,3.6.2.M20110210-1200,"",1372418239480
activated,workbench,org.eclipse.ui.workbench,3.6.2.M20110210-1200,"",1372418240152
executed,command,org.eclipse.debug.ui,3.6.3.v20101201_r362,"org.eclipse.debug.ui.commands.DebugLast",1372418240164
activated,editor,org.eclipse.ui.browser,3.3.1.r36_20101216,"org.eclipse.ui.browser.editor",1372418240312
activated,perspective,org.eclipse.php.debug.ui,2.2.0.v20101001-2300,"org.eclipse.php.debug.ui.PHPDebugPerspective",1372418241440
activated,editor,org.eclipse.php.ui,2.2.1.v20101001-2300,"org.eclipse.php.editor",1372418241607
activated,editor,org.eclipse.ui.browser,3.3.1.r36_20101216,"org.eclipse.ui.browser.editor",1372418244531
activated,editor,org.eclipse.php.ui,2.2.1.v20101001-2300,"org.eclipse.php.editor",1372418245562
activated,view,org.eclipse.php.debug.ui,2.2.0.v20101001-2300,"org.eclipse.debug.ui.PHPBrowserOutput",1372418246598
activated,view,org.eclipse.php.debug.ui,2.2.0.v20101001-2300,"org.eclipse.debug.ui.PHPDebugOutput",1372418247260
activated,editor,org.eclipse.php.ui,2.2.1.v20101001-2300,"org.eclipse.php.editor",1372418247814
executed,command,org.eclipse.debug.ui,3.6.3.v20101201_r362,"org.eclipse.debug.ui.commands.StepOver",1372418248281
executed,command,org.eclipse.debug.ui,3.6.3.v20101201_r362,"org.eclipse.debug.ui.commands.StepOver",1372418250617
executed,command,org.eclipse.debug.ui,3.6.3.v20101201_r362,"org.eclipse.debug.ui.commands.StepOver",1372418252297
executed,command,org.eclipse.debug.ui,3.6.3.v20101201_r362,"org.eclipse.debug.ui.commands.StepOver",1372418260745
activated,view,org.eclipse.debug.ui,3.6.3.v20101201_r362,"org.eclipse.debug.ui.VariableView",1372418262839
activated,editor,org.eclipse.php.ui,2.2.1.v20101001-2300,"org.eclipse.php.editor",1372418273956
executed,command,org.eclipse.debug.ui,3.6.3.v20101201_r362,"org.eclipse.debug.ui.commands.StepOver",1372418275153
activated,view,org.eclipse.debug.ui,3.6.3.v20101201_r362,"org.eclipse.debug.ui.DebugView",1372418276328
executed,command,org.eclipse.debug.ui,3.6.3.v20101201_r362,"org.eclipse.debug.ui.commands.Resume",1372418276405
activated,perspective,org.eclipse.php.ui,2.2.1.v20101001-2300,"org.eclipse.php.perspective",1372418278157
activated,editor,org.eclipse.php.ui,2.2.1.v20101001-2300,"org.eclipse.php.editor",1372418278175
deactivated,workbench,org.eclipse.ui.workbench,3.6.2.M20110210-1200,"",1372418279470
activated,workbench,org.eclipse.ui.workbench,3.6.2.M20110210-1200,"",1372418301356
activated,view,org.eclipse.php.ui,2.2.1.v20101001-2300,"org.eclipse.php.ui.explorer",1372418302466
activated,editor,org.eclipse.php.ui,2.2.1.v20101001-2300,"org.eclipse.php.editor",1372418302612
activated,view,org.eclipse.php.ui,2.2.1.v20101001-2300,"org.eclipse.php.ui.explorer",1372418304732
opened,editor,org.eclipse.php.ui,2.2.1.v20101001-2300,"org.eclipse.php.editor",1372418304942
activated,editor,org.eclipse.php.ui,2.2.1.v20101001-2300,"org.eclipse.php.editor",1372418304984
deactivated,workbench,org.eclipse.ui.workbench,3.6.2.M20110210-1200,"",1372418309055
activated,workbench,org.eclipse.ui.workbench,3.6.2.M20110210-1200,"",1372418310250
deactivated,workbench,org.eclipse.ui.workbench,3.6.2.M20110210-1200,"",1372418310278
activated,workbench,org.eclipse.ui.workbench,3.6.2.M20110210-1200,"",1372418311184
executed,command,org.eclipse.debug.ui,3.6.3.v20101201_r362,"org.eclipse.debug.ui.commands.RunLast",1372418311196
activated,editor,org.eclipse.ui.browser,3.3.1.r36_20101216,"org.eclipse.ui.browser.editor",1372418311353
activated,view,org.eclipse.php.ui,2.2.1.v20101001-2300,"org.eclipse.php.ui.explorer",1372418315022
activated,editor,org.eclipse.php.ui,2.2.1.v20101001-2300,"org.eclipse.php.editor",1372418315187
executed,command,org.eclipse.debug.ui,3.6.3.v20101201_r362,"org.eclipse.debug.ui.commands.DebugLast",1372418317333
activated,editor,org.eclipse.ui.browser,3.3.1.r36_20101216,"org.eclipse.ui.browser.editor",1372418317437
activated,perspective,org.eclipse.php.debug.ui,2.2.0.v20101001-2300,"org.eclipse.php.debug.ui.PHPDebugPerspective",1372418317557
opened,editor,org.eclipse.php.ui,2.2.1.v20101001-2300,"org.eclipse.php.editor",1372418317738
activated,editor,org.eclipse.php.ui,2.2.1.v20101001-2300,"org.eclipse.php.editor",1372418317755
activated,view,org.eclipse.debug.ui,3.6.3.v20101201_r362,"org.eclipse.debug.ui.DebugView",1372418320729
executed,command,org.eclipse.debug.ui,3.6.3.v20101201_r362,"org.eclipse.debug.ui.commands.Resume",1372418320815
activated,perspective,org.eclipse.php.ui,2.2.1.v20101001-2300,"org.eclipse.php.perspective",1372418322209
activated,editor,org.eclipse.php.ui,2.2.1.v20101001-2300,"org.eclipse.php.editor",1372418322223
activated,view,org.eclipse.php.ui,2.2.1.v20101001-2300,"org.eclipse.php.ui.explorer",1372418323661
executed,command,org.eclipse.ui.ide,3.6.2.M20101201-0800,"org.eclipse.ui.project.closeProject",1372418324532
closed,editor,org.eclipse.php.ui,2.2.1.v20101001-2300,"org.eclipse.php.editor",1372418324637
activated,editor,org.eclipse.php.ui,2.2.1.v20101001-2300,"org.eclipse.php.editor",1372418326812
activated,view,org.eclipse.php.ui,2.2.1.v20101001-2300,"org.eclipse.php.ui.explorer",1372418326989
activated,editor,org.eclipse.php.ui,2.2.1.v20101001-2300,"org.eclipse.php.editor",1372418327437
executed,command,org.eclipse.debug.ui,3.6.3.v20101201_r362,"org.eclipse.debug.ui.commands.DebugLast",1372418328091
activated,editor,org.eclipse.ui.browser,3.3.1.r36_20101216,"org.eclipse.ui.browser.editor",1372418328215
activated,perspective,org.eclipse.php.debug.ui,2.2.0.v20101001-2300,"org.eclipse.php.debug.ui.PHPDebugPerspective",1372418328353
opened,editor,org.eclipse.php.ui,2.2.1.v20101001-2300,"org.eclipse.php.editor",1372418328606
activated,editor,org.eclipse.php.ui,2.2.1.v20101001-2300,"org.eclipse.php.editor",1372418328623
executed,command,org.eclipse.debug.ui,3.6.3.v20101201_r362,"org.eclipse.debug.ui.commands.StepOver",1372418330756
executed,command,org.eclipse.debug.ui,3.6.3.v20101201_r362,"org.eclipse.debug.ui.commands.StepOver",1372418331180
executed,command,org.eclipse.debug.ui,3.6.3.v20101201_r362,"org.eclipse.debug.ui.commands.StepOver",1372418331532
executed,command,org.eclipse.debug.ui,3.6.3.v20101201_r362,"org.eclipse.debug.ui.commands.StepOver",1372418331828
activated,view,org.eclipse.debug.ui,3.6.3.v20101201_r362,"org.eclipse.debug.ui.DebugView",1372418333716
executed,command,org.eclipse.debug.ui,3.6.3.v20101201_r362,"org.eclipse.debug.ui.commands.Resume",1372418333799
deactivated,workbench,org.eclipse.ui.workbench,3.6.2.M20110210-1200,"",1372418335264
activated,workbench,org.eclipse.ui.workbench,3.6.2.M20110210-1200,"",1372418366036
activated,editor,org.eclipse.php.ui,2.2.1.v20101001-2300,"org.eclipse.php.editor",1372418366056
activated,perspective,org.eclipse.php.ui,2.2.1.v20101001-2300,"org.eclipse.php.perspective",1372418367303
activated,perspective,org.eclipse.php.debug.ui,2.2.0.v20101001-2300,"org.eclipse.php.debug.ui.PHPDebugPerspective",1372418368212
activated,perspective,org.eclipse.php.ui,2.2.1.v20101001-2300,"org.eclipse.php.perspective",1372418369114
activated,view,org.eclipse.php.ui,2.2.1.v20101001-2300,"org.eclipse.php.ui.explorer",1372418370361
activated,editor,org.eclipse.php.ui,2.2.1.v20101001-2300,"org.eclipse.php.editor",1372418370547
activated,view,org.eclipse.php.ui,2.2.1.v20101001-2300,"org.eclipse.php.ui.explorer",1372418371154
activated,editor,org.eclipse.php.ui,2.2.1.v20101001-2300,"org.eclipse.php.editor",1372418371339
activated,view,org.eclipse.php.ui,2.2.1.v20101001-2300,"org.eclipse.php.ui.explorer",1372418373906
activated,editor,org.eclipse.php.ui,2.2.1.v20101001-2300,"org.eclipse.php.editor",1372418374044
executed,command,org.eclipse.debug.ui,3.6.3.v20101201_r362,"org.eclipse.debug.ui.commands.DebugLast",1372418374886
activated,editor,org.eclipse.ui.browser,3.3.1.r36_20101216,"org.eclipse.ui.browser.editor",1372418375025
activated,perspective,org.eclipse.php.debug.ui,2.2.0.v20101001-2300,"org.eclipse.php.debug.ui.PHPDebugPerspective",1372418375173
activated,editor,org.eclipse.php.ui,2.2.1.v20101001-2300,"org.eclipse.php.editor",1372418375335
activated,view,org.eclipse.debug.ui,3.6.3.v20101201_r362,"org.eclipse.debug.ui.DebugView",1372418378631
executed,command,org.eclipse.debug.ui,3.6.3.v20101201_r362,"org.eclipse.debug.ui.commands.Terminate",1372418378714
activated,editor,org.eclipse.php.ui,2.2.1.v20101001-2300,"org.eclipse.php.editor",1372418379575
